1|Speed Street|courier1|courier1|Mister Speed|14787543
2|123 Fake Street|dLopez@flash.com|dlopez|David Lopez|5896412
3|Donegal|given@flash.com|given|Shay Given|11111111
4|Dublin|dunne@flash.com|dunne|Richard Dunne|55555555
5|Dublin|duff@flash.com|duff|Damien Duff|145624582
6|Los Angeles|keane@flash.com|keane|Robbie Keane|54546484
7|Courierville|courier|courier|Mister Courier|4536843
